<?xml version="1.0"?>
<doc>
    <assembly>
        <name>Facebook.Web.Mvc</name>
    </assembly>
    <members>
        <member name="T:Facebook.Web.Mvc.CanvasInputExtensions">
            <summary>
            Represents the canvas input extensions.
            </summary>
        </member>
        <member name="M:Facebook.Web.Mvc.CanvasInputExtensions.FacebookSignedRequest(System.Web.Mvc.HtmlHelper)">
            <summary>
            Html helper for Facebook Signed Request.
            </summary>
            <param name="htmlHelper">The html helper.</param>
            <returns>Returns the Facebook Signed Request.</returns>
        </member>
        <member name="M:Facebook.Web.Mvc.CanvasInputExtensions.FacebookSignedRequest(System.Web.Mvc.HtmlHelper,System.String)">
            <summary>
            Html helper for Facebook Signed Request.
            </summary>
            <param name="htmlHelper">The html helper.</param>
            <param name="signedRequestValue">The signed request value.</param>
            <returns>Returns the Facebook Signed Request.</returns>
        </member>
        <member name="T:Facebook.Web.Mvc.CanvasSoftAuthorizeAttribute">
            <summary>
            This filter will send an unauthorized user to the 
            specified view rather than redirecting them directly
            to the Facebook login page. This allows for a landing
            page to explain to the user why the permissions requested
            are needed.
            </summary>
        </member>
        <member name="T:Facebook.Web.Mvc.CanvasAuthorizeAttribute">
            <summary>
            Represents the canvas authorize attribute.
            </summary>
        </member>
        <member name="T:Facebook.Web.Mvc.FacebookAuthorizeAttributeBase">
            <summary>
            Represents the base class for restricting access to controllers or actions based on Facebook permissions.
            </summary>
        </member>
        <member name="M:Facebook.Web.Mvc.FacebookAuthorizeAttributeBase.OnAuthorization(System.Web.Mvc.AuthorizationContext)">
            <summary>
            Called when authorization is required.
            </summary>
            <param name="filterContext">The filter context.</param>
        </member>
        <member name="M:Facebook.Web.Mvc.FacebookAuthorizeAttributeBase.OnAuthorization(System.Web.Mvc.AuthorizationContext,Facebook.IFacebookApplication)">
            <summary>
            On Authorization.
            </summary>
            <param name="filterContext">The filter context.</param>
            <param name="facebookApplication">The Facebook application settings.</param>
        </member>
        <member name="M:Facebook.Web.Mvc.FacebookAuthorizeAttributeBase.ToArrayString(System.String)">
            <summary>
            Splits string to string array using comma.
            </summary>
            <param name="str">Input string.</param>
            <returns>Array of strings.</returns>
        </member>
        <member name="P:Facebook.Web.Mvc.FacebookAuthorizeAttributeBase.Perms">
            <summary>
            Gets or sets the extended permissions.
            </summary>
        </member>
        <member name="P:Facebook.Web.Mvc.FacebookAuthorizeAttributeBase.Permissions">
            <summary>
            Gets or sets the extended permissions.
            </summary>
        </member>
        <member name="M:Facebook.Web.Mvc.CanvasAuthorizeAttribute.OnAuthorization(System.Web.Mvc.AuthorizationContext,Facebook.IFacebookApplication)">
            <summary>
            Authorization.
            </summary>
            <param name="filterContext">The filter context.</param>
            <param name="settings">The Facebook application settings.</param>
            <exception cref="T:System.ArgumentException">Throws if Permissions contains space.</exception>
        </member>
        <member name="M:Facebook.Web.Mvc.CanvasAuthorizeAttribute.HandleUnauthorizedRequest(System.Web.Mvc.AuthorizationContext,Facebook.IFacebookApplication)">
            <summary>
            Handles unauthorized request.
            </summary>
            <param name="filterContext">The filter context.</param>
            <param name="settings">The Facebook application settings.</param>
        </member>
        <member name="M:Facebook.Web.Mvc.CanvasAuthorizeAttribute.GetLoginUrl(Facebook.IFacebookApplication,System.Web.HttpContextBase,System.Collections.Generic.IDictionary{System.String,System.Object})">
            <summary>
            Gets the login url.
            </summary>
            <param name="settings">The Facebook application settings.</param>
            <param name="httpContext">The http context.</param>
            <param name="parameters">The login parameters.</param>
            <returns>The login url.</returns>
        </member>
        <member name="P:Facebook.Web.Mvc.CanvasAuthorizeAttribute.LoginDisplayMode">
            <summary>
            Gets or sets the login display mode.
            </summary>
        </member>
        <member name="P:Facebook.Web.Mvc.CanvasAuthorizeAttribute.CancelUrlPath">
            <summary>
            Gets or sets the cancel url path.
            </summary>
        </member>
        <member name="P:Facebook.Web.Mvc.CanvasAuthorizeAttribute.ReturnUrlPath">
            <summary>
            Gets or sets the return url path.
            </summary>
        </member>
        <member name="F:Facebook.Web.Mvc.CanvasSoftAuthorizeAttribute.DefaultView">
            <summary>
            The default view.
            </summary>
        </member>
        <member name="F:Facebook.Web.Mvc.CanvasSoftAuthorizeAttribute._view">
            <summary>
            The view name.
            </summary>
        </member>
        <member name="F:Facebook.Web.Mvc.CanvasSoftAuthorizeAttribute._master">
            <summary>
            The master.
            </summary>
        </member>
        <member name="P:Facebook.Web.Mvc.CanvasSoftAuthorizeAttribute.View">
            <summary>
            Gets or sets the name of the View.
            </summary>
        </member>
        <member name="P:Facebook.Web.Mvc.CanvasSoftAuthorizeAttribute.Master">
            <summary>
            Gets or sets the Master.
            </summary>
        </member>
        <member name="T:Facebook.Web.Mvc.CanvasUrlExtensions">
            <summary>
            Provides extension methods for building canvas urls.
            </summary>
        </member>
        <member name="M:Facebook.Web.Mvc.CanvasUrlExtensions.CanvasAction(System.Web.Mvc.UrlHelper,System.String)">
            <summary>
            Gets the canvas action url.
            </summary>
            <param name="urlHelper">The URL helper.</param>
            <param name="actionName">Name of the action.</param>
            <returns></returns>
        </member>
        <member name="M:Facebook.Web.Mvc.CanvasUrlExtensions.CanvasAction(System.Web.Mvc.UrlHelper,System.String,System.Object)">
            <summary>
            Gets the canvas action url.
            </summary>
            <param name="urlHelper">The URL helper.</param>
            <param name="actionName">Name of the action.</param>
            <param name="routeValues">The route values.</param>
            <returns></returns>
        </member>
        <member name="M:Facebook.Web.Mvc.CanvasUrlExtensions.CanvasAction(System.Web.Mvc.UrlHelper,System.String,System.Web.Routing.RouteValueDictionary)">
            <summary>
            Gets the canvas action url.
            </summary>
            <param name="urlHelper">The URL helper.</param>
            <param name="actionName">Name of the action.</param>
            <param name="routeValues">The route values.</param>
            <returns></returns>
        </member>
        <member name="M:Facebook.Web.Mvc.CanvasUrlExtensions.CanvasAction(System.Web.Mvc.UrlHelper,System.String,System.String)">
            <summary>
            Gets the canvas action url.
            </summary>
            <param name="urlHelper">The URL helper.</param>
            <param name="actionName">Name of the action.</param>
            <param name="controllerName">Name of the controller.</param>
            <returns></returns>
        </member>
        <member name="M:Facebook.Web.Mvc.CanvasUrlExtensions.CanvasAction(System.Web.Mvc.UrlHelper,System.String,System.String,System.Object)">
            <summary>
            Gets the canvas action url.
            </summary>
            <param name="urlHelper">The URL helper.</param>
            <param name="actionName">Name of the action.</param>
            <param name="controllerName">Name of the controller.</param>
            <param name="routeValues">The route values.</param>
            <returns></returns>
        </member>
        <member name="M:Facebook.Web.Mvc.CanvasUrlExtensions.CanvasAction(System.Web.Mvc.UrlHelper,System.String,System.String,System.Web.Routing.RouteValueDictionary)">
            <summary>
            Gets the canvas action url.
            </summary>
            <param name="urlHelper">The URL helper.</param>
            <param name="actionName">Name of the action.</param>
            <param name="controllerName">Name of the controller.</param>
            <param name="routeValues">The route values.</param>
            <returns></returns>
        </member>
        <member name="M:Facebook.Web.Mvc.CanvasUrlExtensions.CanvasAction(System.Web.Mvc.UrlHelper,System.String,System.String,System.Object,System.String)">
            <summary>
            Gets the canvas action url.
            </summary>
            <param name="urlHelper">The URL helper.</param>
            <param name="actionName">Name of the action.</param>
            <param name="controllerName">Name of the controller.</param>
            <param name="routeValues">The route values.</param>
            <param name="protocol">The protocol.</param>
            <returns></returns>
        </member>
        <member name="M:Facebook.Web.Mvc.CanvasUrlExtensions.CanvasAction(System.Web.Mvc.UrlHelper,System.String,System.String,System.Web.Routing.RouteValueDictionary,System.String,System.String)">
            <summary>
            Gets the canvas action url.
            </summary>
            <param name="urlHelper">The URL helper.</param>
            <param name="actionName">Name of the action.</param>
            <param name="controllerName">Name of the controller.</param>
            <param name="routeValues">The route values.</param>
            <param name="protocol">The protocol.</param>
            <param name="hostName">Name of the host.</param>
            <returns></returns>
        </member>
        <member name="M:Facebook.Web.Mvc.CanvasUrlExtensions.GenerateCanvasUrl(System.Web.Mvc.UrlHelper,System.String,System.String,System.String,System.Web.Routing.RouteValueDictionary)">
            <summary>
            Generates the canvas URL.
            </summary>
            <param name="urlHelper">The URL helper.</param>
            <param name="routeName">Name of the route.</param>
            <param name="actionName">Name of the action.</param>
            <param name="controllerName">Name of the controller.</param>
            <param name="routeValues">The route values.</param>
            <returns></returns>
        </member>
        <member name="M:Facebook.Web.Mvc.CanvasUrlExtensions.GenerateCanvasUrl(System.Web.Mvc.UrlHelper,System.String,System.String,System.String,System.String,System.String,System.String,System.Web.Routing.RouteValueDictionary,System.Web.Routing.RouteCollection,System.Web.Routing.RequestContext,System.Boolean)">
            <summary>
            Generates the canvas URL.
            </summary>
            <param name="urlHelper">The URL helper.</param>
            <param name="routeName">Name of the route.</param>
            <param name="actionName">Name of the action.</param>
            <param name="controllerName">Name of the controller.</param>
            <param name="protocol">The protocol.</param>
            <param name="hostName">Name of the host.</param>
            <param name="fragment">The fragment.</param>
            <param name="routeValues">The route values.</param>
            <param name="routeCollection">The route collection.</param>
            <param name="requestContext">The request context.</param>
            <param name="includeImplicitMvcValues">if set to <c>true</c> [include implicit MVC values].</param>
            <returns></returns>
        </member>
        <member name="M:Facebook.Web.Mvc.CanvasUrlExtensions.GenerateCanvasUrl(System.Web.Mvc.UrlHelper,System.String,System.String,System.String,System.Web.Routing.RouteValueDictionary,System.Web.Routing.RouteCollection,System.Web.Routing.RequestContext,System.Boolean)">
            <summary>
            Generates the canvas URL.
            </summary>
            <param name="urlHelper">The URL helper.</param>
            <param name="routeName">Name of the route.</param>
            <param name="actionName">Name of the action.</param>
            <param name="controllerName">Name of the controller.</param>
            <param name="routeValues">The route values.</param>
            <param name="routeCollection">The route collection.</param>
            <param name="requestContext">The request context.</param>
            <param name="includeImplicitMvcValues">if set to <c>true</c> [include implicit MVC values].</param>
            <returns></returns>
        </member>
        <member name="M:Facebook.Web.Mvc.CanvasUrlExtensions.CanvasRouteUrl(System.Web.Mvc.UrlHelper,System.Object)">
            <summary>
            Gets the canvas route URL.
            </summary>
            <param name="urlHelper">The URL helper.</param>
            <param name="routeValues">The route values.</param>
            <returns></returns>
        </member>
        <member name="M:Facebook.Web.Mvc.CanvasUrlExtensions.CanvasRouteUrl(System.Web.Mvc.UrlHelper,System.Web.Routing.RouteValueDictionary)">
            <summary>
            Gets the canvas route URL.
            </summary>
            <param name="urlHelper">The URL helper.</param>
            <param name="routeValues">The route values.</param>
            <returns></returns>
        </member>
        <member name="M:Facebook.Web.Mvc.CanvasUrlExtensions.CanvasRouteUrl(System.Web.Mvc.UrlHelper,System.String)">
            <summary>
            Gets the canvas route URL.
            </summary>
            <param name="urlHelper">The URL helper.</param>
            <param name="routeName">Name of the route.</param>
            <returns></returns>
        </member>
        <member name="M:Facebook.Web.Mvc.CanvasUrlExtensions.CanvasRouteUrl(System.Web.Mvc.UrlHelper,System.String,System.Object)">
            <summary>
            Gets the canvas route URL.
            </summary>
            <param name="urlHelper">The URL helper.</param>
            <param name="routeName">Name of the route.</param>
            <param name="routeValues">The route values.</param>
            <returns></returns>
        </member>
        <member name="M:Facebook.Web.Mvc.CanvasUrlExtensions.CanvasRouteUrl(System.Web.Mvc.UrlHelper,System.String,System.Web.Routing.RouteValueDictionary)">
            <summary>
            Gets the canvas route URL.
            </summary>
            <param name="urlHelper">The URL helper.</param>
            <param name="routeName">Name of the route.</param>
            <param name="routeValues">The route values.</param>
            <returns></returns>
        </member>
        <member name="M:Facebook.Web.Mvc.CanvasUrlExtensions.CanvasRouteUrl(System.Web.Mvc.UrlHelper,System.String,System.Object,System.String)">
            <summary>
            Gets the canvas route URL.
            </summary>
            <param name="urlHelper">The URL helper.</param>
            <param name="routeName">Name of the route.</param>
            <param name="routeValues">The route values.</param>
            <param name="protocol">The protocol.</param>
            <returns></returns>
        </member>
        <member name="M:Facebook.Web.Mvc.CanvasUrlExtensions.CanvasRouteUrl(System.Web.Mvc.UrlHelper,System.String,System.Web.Routing.RouteValueDictionary,System.String,System.String)">
            <summary>
            Gets the canvas route URL.
            </summary>
            <param name="urlHelper">The URL helper.</param>
            <param name="routeName">Name of the route.</param>
            <param name="routeValues">The route values.</param>
            <param name="protocol">The protocol.</param>
            <param name="hostName">Name of the host.</param>
            <returns></returns>
        </member>
        <member name="T:Facebook.Web.Mvc.FacebookAuthorizeAttribute">
            <summary>
            Represents the Facebook Authorize Attribute.
            </summary>
        </member>
        <member name="M:Facebook.Web.Mvc.FacebookAuthorizeAttribute.OnAuthorization(System.Web.Mvc.AuthorizationContext,Facebook.IFacebookApplication)">
            <summary>
            Authorization.
            </summary>
            <param name="filterContext">The filter context.</param>
            <param name="facebookApplication">The Facebook applicatio settings.</param>
        </member>
        <member name="P:Facebook.Web.Mvc.FacebookAuthorizeAttribute.LoginUrl">
            <summary>
            The login url.
            </summary>
        </member>
        <member name="T:Facebook.Web.Mvc.CanvasLinkExtensions">
            <summary>
            Provides extensions for building canvas links.
            </summary>
        </member>
        <member name="M:Facebook.Web.Mvc.CanvasLinkExtensions.CanvasActionLink(System.Web.Mvc.HtmlHelper,System.String,System.String)">
            <summary>
            Builds a canvas action link.
            </summary>
            <param name="htmlHelper">The HTML helper.</param>
            <param name="linkText">The link text.</param>
            <param name="actionName">Name of the action.</param>
            <returns></returns>
        </member>
        <member name="M:Facebook.Web.Mvc.CanvasLinkExtensions.CanvasActionLink(System.Web.Mvc.HtmlHelper,System.String,System.String,System.Object)">
            <summary>
            Builds a canvas action link.
            </summary>
            <param name="htmlHelper">The HTML helper.</param>
            <param name="linkText">The link text.</param>
            <param name="actionName">Name of the action.</param>
            <param name="routeValues">The route values.</param>
            <returns></returns>
        </member>
        <member name="M:Facebook.Web.Mvc.CanvasLinkExtensions.CanvasActionLink(System.Web.Mvc.HtmlHelper,System.String,System.String,System.Object,System.Object)">
            <summary>
            Builds a canvas action link.
            </summary>
            <param name="htmlHelper">The HTML helper.</param>
            <param name="linkText">The link text.</param>
            <param name="actionName">Name of the action.</param>
            <param name="routeValues">The route values.</param>
            <param name="htmlAttributes">The HTML attributes.</param>
            <returns></returns>
        </member>
        <member name="M:Facebook.Web.Mvc.CanvasLinkExtensions.CanvasActionLink(System.Web.Mvc.HtmlHelper,System.String,System.String,System.Web.Routing.RouteValueDictionary)">
            <summary>
            Builds a canvas action link.
            </summary>
            <param name="htmlHelper">The HTML helper.</param>
            <param name="linkText">The link text.</param>
            <param name="actionName">Name of the action.</param>
            <param name="routeValues">The route values.</param>
            <returns></returns>
        </member>
        <member name="M:Facebook.Web.Mvc.CanvasLinkExtensions.CanvasActionLink(System.Web.Mvc.HtmlHelper,System.String,System.String,System.Web.Routing.RouteValueDictionary,System.Collections.Generic.IDictionary{System.String,System.Object})">
            <summary>
            Builds a canvas action link.
            </summary>
            <param name="htmlHelper">The HTML helper.</param>
            <param name="linkText">The link text.</param>
            <param name="actionName">Name of the action.</param>
            <param name="routeValues">The route values.</param>
            <param name="htmlAttributes">The HTML attributes.</param>
            <returns></returns>
        </member>
        <member name="M:Facebook.Web.Mvc.CanvasLinkExtensions.CanvasActionLink(System.Web.Mvc.HtmlHelper,System.String,System.String,System.String)">
            <summary>
            Builds a canvas action link.
            </summary>
            <param name="htmlHelper">The HTML helper.</param>
            <param name="linkText">The link text.</param>
            <param name="actionName">Name of the action.</param>
            <param name="controllerName">Name of the controller.</param>
            <returns></returns>
        </member>
        <member name="M:Facebook.Web.Mvc.CanvasLinkExtensions.CanvasActionLink(System.Web.Mvc.HtmlHelper,System.String,System.String,System.String,System.Object,System.Object)">
            <summary>
            Builds a canvas action link.
            </summary>
            <param name="htmlHelper">The HTML helper.</param>
            <param name="linkText">The link text.</param>
            <param name="actionName">Name of the action.</param>
            <param name="controllerName">Name of the controller.</param>
            <param name="routeValues">The route values.</param>
            <param name="htmlAttributes">The HTML attributes.</param>
            <returns></returns>
        </member>
        <member name="M:Facebook.Web.Mvc.CanvasLinkExtensions.CanvasActionLink(System.Web.Mvc.HtmlHelper,System.String,System.String,System.String,System.Web.Routing.RouteValueDictionary,System.Collections.Generic.IDictionary{System.String,System.Object})">
            <summary>
            Builds a canvas action link.
            </summary>
            <param name="htmlHelper">The HTML helper.</param>
            <param name="linkText">The link text.</param>
            <param name="actionName">Name of the action.</param>
            <param name="controllerName">Name of the controller.</param>
            <param name="routeValues">The route values.</param>
            <param name="htmlAttributes">The HTML attributes.</param>
            <returns></returns>
        </member>
        <member name="M:Facebook.Web.Mvc.CanvasLinkExtensions.CanvasActionLink(System.Web.Mvc.HtmlHelper,System.String,System.String,System.String,System.String,System.String,System.String,System.Object,System.Object)">
            <summary>
            Builds a canvas action link.
            </summary>
            <param name="htmlHelper">The HTML helper.</param>
            <param name="linkText">The link text.</param>
            <param name="actionName">Name of the action.</param>
            <param name="controllerName">Name of the controller.</param>
            <param name="protocol">The protocol.</param>
            <param name="hostName">Name of the host.</param>
            <param name="fragment">The fragment.</param>
            <param name="routeValues">The route values.</param>
            <param name="htmlAttributes">The HTML attributes.</param>
            <returns></returns>
        </member>
        <member name="M:Facebook.Web.Mvc.CanvasLinkExtensions.CanvasActionLink(System.Web.Mvc.HtmlHelper,System.String,System.String,System.String,System.String,System.String,System.String,System.Web.Routing.RouteValueDictionary,System.Collections.Generic.IDictionary{System.String,System.Object})">
            <summary>
            Builds a canvas action link.
            </summary>
            <param name="htmlHelper">The HTML helper.</param>
            <param name="linkText">The link text.</param>
            <param name="actionName">Name of the action.</param>
            <param name="controllerName">Name of the controller.</param>
            <param name="protocol">The protocol.</param>
            <param name="hostName">Name of the host.</param>
            <param name="fragment">The fragment.</param>
            <param name="routeValues">The route values.</param>
            <param name="htmlAttributes">The HTML attributes.</param>
            <returns></returns>
        </member>
        <member name="M:Facebook.Web.Mvc.CanvasLinkExtensions.CanvasRouteLink(System.Web.Mvc.HtmlHelper,System.String,System.Object)">
            <summary>
            Builds a canvas route link.
            </summary>
            <param name="htmlHelper">The HTML helper.</param>
            <param name="linkText">The link text.</param>
            <param name="routeValues">The route values.</param>
            <returns></returns>
        </member>
        <member name="M:Facebook.Web.Mvc.CanvasLinkExtensions.CanvasRouteLink(System.Web.Mvc.HtmlHelper,System.String,System.Web.Routing.RouteValueDictionary)">
            <summary>
            Builds a canvas route link.
            </summary>
            <param name="htmlHelper">The HTML helper.</param>
            <param name="linkText">The link text.</param>
            <param name="routeValues">The route values.</param>
            <returns></returns>
        </member>
        <member name="M:Facebook.Web.Mvc.CanvasLinkExtensions.CanvasRouteLink(System.Web.Mvc.HtmlHelper,System.String,System.String)">
            <summary>
            Builds a canvas route link.
            </summary>
            <param name="htmlHelper">The HTML helper.</param>
            <param name="linkText">The link text.</param>
            <param name="routeName">Name of the route.</param>
            <returns></returns>
        </member>
        <member name="M:Facebook.Web.Mvc.CanvasLinkExtensions.CanvasRouteLink(System.Web.Mvc.HtmlHelper,System.String,System.String,System.Object)">
            <summary>
            Builds a canvas route link.
            </summary>
            <param name="htmlHelper">The HTML helper.</param>
            <param name="linkText">The link text.</param>
            <param name="routeName">Name of the route.</param>
            <param name="routeValues">The route values.</param>
            <returns></returns>
        </member>
        <member name="M:Facebook.Web.Mvc.CanvasLinkExtensions.CanvasRouteLink(System.Web.Mvc.HtmlHelper,System.String,System.String,System.Web.Routing.RouteValueDictionary)">
            <summary>
            Builds a canvas route link.
            </summary>
            <param name="htmlHelper">The HTML helper.</param>
            <param name="linkText">The link text.</param>
            <param name="routeName">Name of the route.</param>
            <param name="routeValues">The route values.</param>
            <returns></returns>
        </member>
        <member name="M:Facebook.Web.Mvc.CanvasLinkExtensions.CanvasRouteLink(System.Web.Mvc.HtmlHelper,System.String,System.Object,System.Object)">
            <summary>
            Builds a canvas route link.
            </summary>
            <param name="htmlHelper">The HTML helper.</param>
            <param name="linkText">The link text.</param>
            <param name="routeValues">The route values.</param>
            <param name="htmlAttributes">The HTML attributes.</param>
            <returns></returns>
        </member>
        <member name="M:Facebook.Web.Mvc.CanvasLinkExtensions.CanvasRouteLink(System.Web.Mvc.HtmlHelper,System.String,System.Web.Routing.RouteValueDictionary,System.Collections.Generic.IDictionary{System.String,System.Object})">
            <summary>
            Builds a canvas route link.
            </summary>
            <param name="htmlHelper">The HTML helper.</param>
            <param name="linkText">The link text.</param>
            <param name="routeValues">The route values.</param>
            <param name="htmlAttributes">The HTML attributes.</param>
            <returns></returns>
        </member>
        <member name="M:Facebook.Web.Mvc.CanvasLinkExtensions.CanvasRouteLink(System.Web.Mvc.HtmlHelper,System.String,System.String,System.Object,System.Object)">
            <summary>
            Builds a canvas route link.
            </summary>
            <param name="htmlHelper">The HTML helper.</param>
            <param name="linkText">The link text.</param>
            <param name="routeName">Name of the route.</param>
            <param name="routeValues">The route values.</param>
            <param name="htmlAttributes">The HTML attributes.</param>
            <returns></returns>
        </member>
        <member name="M:Facebook.Web.Mvc.CanvasLinkExtensions.CanvasRouteLink(System.Web.Mvc.HtmlHelper,System.String,System.String,System.Web.Routing.RouteValueDictionary,System.Collections.Generic.IDictionary{System.String,System.Object})">
            <summary>
            Builds a canvas route link.
            </summary>
            <param name="htmlHelper">The HTML helper.</param>
            <param name="linkText">The link text.</param>
            <param name="routeName">Name of the route.</param>
            <param name="routeValues">The route values.</param>
            <param name="htmlAttributes">The HTML attributes.</param>
            <returns></returns>
        </member>
        <member name="M:Facebook.Web.Mvc.CanvasLinkExtensions.CanvasRouteLink(System.Web.Mvc.HtmlHelper,System.String,System.String,System.String,System.String,System.String,System.Object,System.Object)">
            <summary>
            Builds a canvas route link.
            </summary>
            <param name="htmlHelper">The HTML helper.</param>
            <param name="linkText">The link text.</param>
            <param name="routeName">Name of the route.</param>
            <param name="protocol">The protocol.</param>
            <param name="hostName">Name of the host.</param>
            <param name="fragment">The fragment.</param>
            <param name="routeValues">The route values.</param>
            <param name="htmlAttributes">The HTML attributes.</param>
            <returns></returns>
        </member>
        <member name="M:Facebook.Web.Mvc.CanvasLinkExtensions.CanvasRouteLink(System.Web.Mvc.HtmlHelper,System.String,System.String,System.String,System.String,System.String,System.Web.Routing.RouteValueDictionary,System.Collections.Generic.IDictionary{System.String,System.Object})">
            <summary>
            Builds a canvas route link.
            </summary>
            <param name="htmlHelper">The HTML helper.</param>
            <param name="linkText">The link text.</param>
            <param name="routeName">Name of the route.</param>
            <param name="protocol">The protocol.</param>
            <param name="hostName">Name of the host.</param>
            <param name="fragment">The fragment.</param>
            <param name="routeValues">The route values.</param>
            <param name="htmlAttributes">The HTML attributes.</param>
            <returns></returns>
        </member>
        <member name="M:Facebook.Web.Mvc.CanvasLinkExtensions.GenerateLink(System.Web.Routing.RequestContext,System.Web.Routing.RouteCollection,System.String,System.String,System.String,System.String,System.Web.Routing.RouteValueDictionary,System.Collections.Generic.IDictionary{System.String,System.Object})">
            <summary>
            Generates the link.
            </summary>
            <param name="requestContext">The request context.</param>
            <param name="routeCollection">The route collection.</param>
            <param name="linkText">The link text.</param>
            <param name="routeName">Name of the route.</param>
            <param name="actionName">Name of the action.</param>
            <param name="controllerName">Name of the controller.</param>
            <param name="routeValues">The route values.</param>
            <param name="htmlAttributes">The HTML attributes.</param>
            <returns></returns>
        </member>
        <member name="M:Facebook.Web.Mvc.CanvasLinkExtensions.GenerateLink(System.Web.Routing.RequestContext,System.Web.Routing.RouteCollection,System.String,System.String,System.String,System.String,System.String,System.String,System.String,System.Web.Routing.RouteValueDictionary,System.Collections.Generic.IDictionary{System.String,System.Object})">
            <summary>
            Generates the link.
            </summary>
            <param name="requestContext">The request context.</param>
            <param name="routeCollection">The route collection.</param>
            <param name="linkText">The link text.</param>
            <param name="routeName">Name of the route.</param>
            <param name="actionName">Name of the action.</param>
            <param name="controllerName">Name of the controller.</param>
            <param name="protocol">The protocol.</param>
            <param name="hostName">Name of the host.</param>
            <param name="fragment">The fragment.</param>
            <param name="routeValues">The route values.</param>
            <param name="htmlAttributes">The HTML attributes.</param>
            <returns></returns>
        </member>
        <member name="M:Facebook.Web.Mvc.CanvasLinkExtensions.GenerateRouteLink(System.Web.Routing.RequestContext,System.Web.Routing.RouteCollection,System.String,System.String,System.Web.Routing.RouteValueDictionary,System.Collections.Generic.IDictionary{System.String,System.Object})">
            <summary>
            Generates the route link.
            </summary>
            <param name="requestContext">The request context.</param>
            <param name="routeCollection">The route collection.</param>
            <param name="linkText">The link text.</param>
            <param name="routeName">Name of the route.</param>
            <param name="routeValues">The route values.</param>
            <param name="htmlAttributes">The HTML attributes.</param>
            <returns></returns>
        </member>
        <member name="M:Facebook.Web.Mvc.CanvasLinkExtensions.GenerateRouteLink(System.Web.Routing.RequestContext,System.Web.Routing.RouteCollection,System.String,System.String,System.String,System.String,System.String,System.Web.Routing.RouteValueDictionary,System.Collections.Generic.IDictionary{System.String,System.Object})">
            <summary>
            Generates the route link.
            </summary>
            <param name="requestContext">The request context.</param>
            <param name="routeCollection">The route collection.</param>
            <param name="linkText">The link text.</param>
            <param name="routeName">Name of the route.</param>
            <param name="protocol">The protocol.</param>
            <param name="hostName">Name of the host.</param>
            <param name="fragment">The fragment.</param>
            <param name="routeValues">The route values.</param>
            <param name="htmlAttributes">The HTML attributes.</param>
            <returns></returns>
        </member>
        <member name="M:Facebook.Web.Mvc.CanvasLinkExtensions.GenerateLinkInternal(System.Web.Routing.RequestContext,System.Web.Routing.RouteCollection,System.String,System.String,System.String,System.String,System.String,System.String,System.String,System.Web.Routing.RouteValueDictionary,System.Collections.Generic.IDictionary{System.String,System.Object},System.Boolean)">
            <summary>
            Generates the link.
            </summary>
            <param name="requestContext">The request context.</param>
            <param name="routeCollection">The route collection.</param>
            <param name="linkText">The link text.</param>
            <param name="routeName">Name of the route.</param>
            <param name="actionName">Name of the action.</param>
            <param name="controllerName">Name of the controller.</param>
            <param name="protocol">The protocol.</param>
            <param name="hostName">Name of the host.</param>
            <param name="fragment">The fragment.</param>
            <param name="routeValues">The route values.</param>
            <param name="htmlAttributes">The HTML attributes.</param>
            <param name="includeImplicitMvcValues">if set to <c>true</c> [include implicit MVC values].</param>
            <returns></returns>
        </member>
        <member name="T:Facebook.Web.Mvc.CanvasRedirectResult">
            <summary>
            Controls the processing of application actions by redirecting to a specified canvas iFrame URI.
            </summary>
        </member>
        <member name="M:Facebook.Web.Mvc.CanvasRedirectResult.#ctor(System.String)">
            <summary>
            Initializes a new instance of the <see cref="T:Facebook.Web.Mvc.CanvasRedirectResult"/> class.
            </summary>
            <param name="url">
            The target url.
            </param>
        </member>
        <member name="M:Facebook.Web.Mvc.CanvasRedirectResult.ExecuteResult(System.Web.Mvc.ControllerContext)">
            <summary>
            Enables processing of the result of an action method by a custom type that inherits from the <see cref="T:System.Web.Mvc.ActionResult"/> class.
            </summary>
            <param name="context">The context within which the result is executed.</param>
            <exception cref="T:System.ArgumentNullException">The <paramref name="context"/> parameter is null.</exception>
        </member>
        <member name="T:Facebook.Web.Mvc.CanvasRedirectToRouteResult">
            <summary>
            Represents a result that performs a canvas redirection by using the specified route values dictionary.
            </summary>
        </member>
        <member name="M:Facebook.Web.Mvc.CanvasRedirectToRouteResult.#ctor(System.Web.Routing.RouteValueDictionary)">
            <summary>
            Initializes a new instance of the <see cref="T:Facebook.Web.Mvc.CanvasRedirectToRouteResult"/> class.
            </summary>
            <param name="routeValues">The route values.</param>
        </member>
        <member name="M:Facebook.Web.Mvc.CanvasRedirectToRouteResult.#ctor(System.String,System.Web.Routing.RouteValueDictionary)">
            <summary>
            Initializes a new instance of the <see cref="T:Facebook.Web.Mvc.CanvasRedirectToRouteResult"/> class.
            </summary>
            <param name="routeName">The name of the route.</param>
            <param name="routeValues">The route values.</param>
        </member>
        <member name="M:Facebook.Web.Mvc.CanvasRedirectToRouteResult.ExecuteResult(System.Web.Mvc.ControllerContext)">
            <summary>
            Enables processing of the result of an action method by a custom type that inherits from the <see cref="T:System.Web.Mvc.ActionResult"/> class.
            </summary>
            <param name="context">The context within which the result is executed.</param>
            <exception cref="T:System.ArgumentNullException">The <paramref name="context"/> parameter is null.</exception>
        </member>
        <member name="T:Facebook.Web.Mvc.CanvasControllerExtensions">
            <summary>
            Canvas extension methods.
            </summary>
        </member>
        <member name="M:Facebook.Web.Mvc.CanvasControllerExtensions.CanvasRedirect(System.Web.Mvc.Controller,System.String)">
            <summary>
            Performs a canvas redirect.
            </summary>
            <param name="controller">The controller.</param>
            <param name="url">The URL.</param>
            <returns></returns>
        </member>
        <member name="M:Facebook.Web.Mvc.CanvasControllerExtensions.CanvasRedirectToAction(System.Web.Mvc.Controller,System.String)">
            <summary>
            Performs a canvas redirect.
            </summary>
            <param name="controller">The controller.</param>
            <param name="actionName">Name of the action.</param>
            <returns></returns>
        </member>
        <member name="M:Facebook.Web.Mvc.CanvasControllerExtensions.CanvasRedirectToAction(System.Web.Mvc.Controller,System.String,System.Object)">
            <summary>
            Performs a canvas redirect.
            </summary>
            <param name="controller">The controller.</param>
            <param name="actionName">Name of the action.</param>
            <param name="routeValues">The route values.</param>
            <returns></returns>
        </member>
        <member name="M:Facebook.Web.Mvc.CanvasControllerExtensions.CanvasRedirectToAction(System.Web.Mvc.Controller,System.String,System.Web.Routing.RouteValueDictionary)">
            <summary>
            Performs a canvas redirect.
            </summary>
            <param name="controller">The controller.</param>
            <param name="actionName">Name of the action.</param>
            <param name="routeValues">The route values.</param>
            <returns></returns>
        </member>
        <member name="M:Facebook.Web.Mvc.CanvasControllerExtensions.CanvasRedirectToAction(System.Web.Mvc.Controller,System.String,System.String)">
            <summary>
            Performs a canvas redirect.
            </summary>
            <param name="controller">The controller.</param>
            <param name="actionName">Name of the action.</param>
            <param name="controllerName">Name of the controller.</param>
            <returns></returns>
        </member>
        <member name="M:Facebook.Web.Mvc.CanvasControllerExtensions.CanvasRedirectToAction(System.Web.Mvc.Controller,System.String,System.String,System.Object)">
            <summary>
            Performs a canvas redirect.
            </summary>
            <param name="controller">The controller.</param>
            <param name="actionName">Name of the action.</param>
            <param name="controllerName">Name of the controller.</param>
            <param name="routeValues">The route values.</param>
            <returns></returns>
        </member>
        <member name="M:Facebook.Web.Mvc.CanvasControllerExtensions.CanvasRedirectToAction(System.Web.Mvc.Controller,System.String,System.String,System.Web.Routing.RouteValueDictionary)">
            <summary>
            Performs a canvas redirect.
            </summary>
            <param name="controller">The controller.</param>
            <param name="actionName">Name of the action.</param>
            <param name="controllerName">Name of the controller.</param>
            <param name="routeValues">The route values.</param>
            <returns></returns>
        </member>
        <member name="M:Facebook.Web.Mvc.CanvasControllerExtensions.CanvasRedirectToRoute(System.Web.Mvc.Controller,System.Object)">
            <summary>
            Performs a canvas redirect.
            </summary>
            <param name="controller">The controller.</param>
            <param name="routeValues">The route values.</param>
            <returns></returns>
        </member>
        <member name="M:Facebook.Web.Mvc.CanvasControllerExtensions.CanvasRedirectToRoute(System.Web.Mvc.Controller,System.Web.Routing.RouteValueDictionary)">
            <summary>
            Performs a canvas redirect.
            </summary>
            <param name="controller">The controller.</param>
            <param name="routeValues">The route values.</param>
            <returns></returns>
        </member>
        <member name="M:Facebook.Web.Mvc.CanvasControllerExtensions.CanvasRedirectToRoute(System.Web.Mvc.Controller,System.String)">
            <summary>
            Performs a canvas redirect.
            </summary>
            <param name="controller">The controller.</param>
            <param name="routeName">Name of the route.</param>
            <returns></returns>
        </member>
        <member name="M:Facebook.Web.Mvc.CanvasControllerExtensions.CanvasRedirectToRoute(System.Web.Mvc.Controller,System.String,System.Object)">
            <summary>
            Performs a canvas redirect.
            </summary>
            <param name="controller">The controller.</param>
            <param name="routeName">Name of the route.</param>
            <param name="routeValues">The route values.</param>
            <returns></returns>
        </member>
        <member name="M:Facebook.Web.Mvc.CanvasControllerExtensions.CanvasRedirectToRoute(System.Web.Mvc.Controller,System.String,System.Web.Routing.RouteValueDictionary)">
            <summary>
            Performs a canvas redirect.
            </summary>
            <param name="controller">The controller.</param>
            <param name="routeName">Name of the route.</param>
            <param name="routeValues">The route values.</param>
            <returns></returns>
        </member>
        <member name="T:Facebook.Web.Mvc.FacebookAuthorizeInfo">
            <summary>
            Represents the authorization info needed to access the currently request resource.
            </summary>
        </member>
        <member name="M:Facebook.Web.Mvc.FacebookAuthorizeInfo.#ctor">
            <summary>
            Initializes a new instance of the <see cref="T:Facebook.Web.Mvc.FacebookAuthorizeInfo"/> class.
            </summary>
        </member>
        <member name="M:Facebook.Web.Mvc.FacebookAuthorizeInfo.#ctor(System.Uri,System.String,System.Boolean,System.Web.Routing.RouteValueDictionary)">
            <summary>
            Initializes a new instance of the <see cref="T:Facebook.Web.Mvc.FacebookAuthorizeInfo"/> class.
            </summary>
            <param name="authorizeUrl">The authorize URL.</param>
            <param name="permissions">The permissions.</param>
            <param name="isCancelUrl">if set to <c>true</c> [is cancel URL].</param>
            <param name="routeValues">The route values.</param>
        </member>
        <member name="P:Facebook.Web.Mvc.FacebookAuthorizeInfo.AuthorizeUrl">
            <summary>
            Gets or sets the authorize URL.
            </summary>
            <value>The authorize URL.</value>
        </member>
        <member name="P:Facebook.Web.Mvc.FacebookAuthorizeInfo.Permissions">
            <summary>
            Gets or sets the permissions.
            </summary>
            <value>The permissions.</value>
        </member>
        <member name="P:Facebook.Web.Mvc.FacebookAuthorizeInfo.IsCancelReturn">
            <summary>
            Gets or sets a value indicating whether this instance is a cancel return.
            </summary>
            <value>
            	<c>true</c> if this instance is a cancel return; otherwise, <c>false</c>.
            </value>
        </member>
        <member name="P:Facebook.Web.Mvc.FacebookAuthorizeInfo.RouteValues">
            <summary>
            Gets the route values.
            </summary>
            <value>The route values.</value>
        </member>
        <member name="T:Facebook.Web.Mvc.FacebookSubscriptionReceivedAttribute">
            <summary>
            Represents the Facebook subscription received attribute.
            </summary>
        </member>
        <member name="P:Facebook.Web.Mvc.FacebookSubscriptionReceivedAttribute.ParameterName">
            <summary>
            The parameter name.
            </summary>
        </member>
        <member name="T:Facebook.Web.Mvc.FacebookSubscriptionVerifiedResult">
            <summary>
            Represents the Facebook subscription verified result.
            </summary>
        </member>
        <member name="T:Facebook.Web.Mvc.FacebookSubscriptionVerifyAttribute">
            <summary>
            Represents Facebook Subscription Verifiy attribute.
            </summary>
        </member>
        <member name="M:Facebook.Web.Mvc.FacebookSubscriptionVerifyAttribute.#ctor(System.String)">
            <summary>
            Initializes a new instance of the <see cref="T:Facebook.Web.Mvc.FacebookSubscriptionVerifyAttribute"/> class.
            </summary>
            <param name="verificationToken"></param>
        </member>
        <member name="P:Facebook.Web.Mvc.FacebookSubscriptionVerifyAttribute.VerificationToken">
            <summary>
            The verification token.
            </summary>
        </member>
    </members>
</doc>
